StartDate,EndDate,Status,IPAddress,Progress,Duration (in seconds),Finished,RecordedDate,ResponseId,RecipientLastName,RecipientFirstName,RecipientEmail,ExternalReference,LocationLatitude,LocationLongitude,DistributionChannel,UserLanguage,Intro,PS1_1,PS2_1,PS3_1,PS4_1,MC 1_1,MC 2_1,RoleLevel,participant_id,group_id
Start Date,End Date,Response Type,IP Address,Progress,Duration (in seconds),Finished,Recorded Date,Response ID,Recipient Last Name,Recipient First Name,Recipient Email,External Data Reference,Location Latitude,Location Longitude,Distribution Channel,User Language,Welcome and thank you for your participation.,I felt comfortable expressing my opinions during the discussion. - 1,I felt safe disagreeing with other group members. - 1,I was able to speak without fear of negative reactions. - 1,I felt that my input would be respected by other group members. - 1,To what extent did your group use clear criteria to structure its evaluation of the options? - 1,To what extent did your group reason explicitly about probabilities and expected outcomes during deliberation? - 1,RoleLevel,participant_id,group_id
"{""ImportId"":""startDate"",""timeZone"":""Europe/Berlin""}","{""ImportId"":""endDate"",""timeZone"":""Europe/Berlin""}","{""ImportId"":""status""}","{""ImportId"":""ipAddress""}","{""ImportId"":""progress""}","{""ImportId"":""duration""}","{""ImportId"":""finished""}","{""ImportId"":""recordedDate"",""timeZone"":""Europe/Berlin""}","{""ImportId"":""_recordId""}","{""ImportId"":""recipientLastName""}","{""ImportId"":""recipientFirstName""}","{""ImportId"":""recipientEmail""}","{""ImportId"":""externalDataReference""}","{""ImportId"":""locationLatitude""}","{""ImportId"":""locationLongitude""}","{""ImportId"":""distributionChannel""}","{""ImportId"":""userLanguage""}","{""ImportId"":""QID1""}","{""ImportId"":""QID3_1""}","{""ImportId"":""QID4_1""}","{""ImportId"":""QID6_1""}","{""ImportId"":""QID7_1""}","{""ImportId"":""QID8_1""}","{""ImportId"":""QID9_1""}","{""ImportId"":""RoleLevel""}","{""ImportId"":""participant_id""}","{""ImportId"":""group_id""}"
6/10/2026 9:00,6/10/2026 9:04,0,33.5922,100,251,1,6/10/2026 9:04,R_P001,,,,,33.5922,-7.6184,anonymous,FR,1,4,4,3,3,4,1,1,P001,G001
6/10/2026 9:03,6/10/2026 9:08,0,33.5922,100,308,1,6/10/2026 9:08,R_P002,,,,,33.5922,-7.6184,anonymous,FR,1,3,2,3,2,1,3,3,P002,G001
6/10/2026 9:06,6/10/2026 9:11,0,33.5922,100,309,1,6/10/2026 9:11,R_P003,,,,,33.5922,-7.6184,anonymous,FR,1,3,2,2,3,3,2,3,P003,G001
6/10/2026 9:09,6/10/2026 9:13,0,33.5922,100,273,1,6/10/2026 9:13,R_P004,,,,,33.5922,-7.6184,anonymous,FR,1,4,4,4,4,2,3,1,P004,G002
6/10/2026 9:12,6/10/2026 9:18,0,33.5922,100,385,1,6/10/2026 9:18,R_P005,,,,,33.5922,-7.6184,anonymous,FR,1,2,2,2,3,3,2,3,P005,G002
6/10/2026 9:15,6/10/2026 9:19,0,33.5922,100,273,1,6/10/2026 9:19,R_P006,,,,,33.5922,-7.6184,anonymous,FR,1,2,3,3,2,3,3,3,P006,G002
6/10/2026 9:18,6/10/2026 9:22,0,33.5922,100,243,1,6/10/2026 9:22,R_P007,,,,,33.5922,-7.6184,anonymous,FR,1,4,3,4,3,1,2,1,P007,G003
6/10/2026 9:21,6/10/2026 9:27,0,33.5922,100,411,1,6/10/2026 9:27,R_P008,,,,,33.5922,-7.6184,anonymous,FR,1,3,2,2,2,2,3,3,P008,G003
6/10/2026 9:24,6/10/2026 9:30,0,33.5922,100,363,1,6/10/2026 9:30,R_P009,,,,,33.5922,-7.6184,anonymous,FR,1,2,3,2,3,1,2,3,P009,G003
6/10/2026 9:27,6/10/2026 9:31,0,33.5922,100,253,1,6/10/2026 9:31,R_P010,,,,,33.5922,-7.6184,anonymous,FR,1,5,4,3,4,2,2,1,P010,G004
6/10/2026 9:30,6/10/2026 9:36,0,33.5922,100,365,1,6/10/2026 9:36,R_P011,,,,,33.5922,-7.6184,anonymous,FR,1,2,3,2,3,2,2,3,P011,G004
6/10/2026 9:33,6/10/2026 9:38,0,33.5922,100,300,1,6/10/2026 9:38,R_P012,,,,,33.5922,-7.6184,anonymous,FR,1,3,3,2,2,2,2,3,P012,G004
6/10/2026 9:36,6/10/2026 9:42,0,33.5922,100,367,1,6/10/2026 9:42,R_P013,,,,,33.5922,-7.6184,anonymous,FR,1,4,4,4,4,1,2,1,P013,G005
6/10/2026 9:39,6/10/2026 9:45,0,33.5922,100,394,1,6/10/2026 9:45,R_P014,,,,,33.5922,-7.6184,anonymous,FR,1,4,2,3,2,2,2,3,P014,G005
6/10/2026 9:42,6/10/2026 9:47,0,33.5922,100,327,1,6/10/2026 9:47,R_P015,,,,,33.5922,-7.6184,anonymous,FR,1,2,3,3,3,2,2,3,P015,G005
6/10/2026 9:45,6/10/2026 9:51,0,33.5922,100,361,1,6/10/2026 9:51,R_P016,,,,,33.5922,-7.6184,anonymous,FR,1,4,3,3,4,2,2,1,P016,G006
6/10/2026 9:48,6/10/2026 9:53,0,33.5922,100,330,1,6/10/2026 9:53,R_P017,,,,,33.5922,-7.6184,anonymous,FR,1,3,1,2,3,2,2,3,P017,G006
6/10/2026 9:51,6/10/2026 9:55,0,33.5922,100,282,1,6/10/2026 9:55,R_P018,,,,,33.5922,-7.6184,anonymous,FR,1,1,3,3,2,2,3,3,P018,G006
6/10/2026 9:54,6/10/2026 9:58,0,33.5922,100,270,1,6/10/2026 9:58,R_P019,,,,,33.5922,-7.6184,anonymous,FR,1,4,4,3,4,2,2,1,P019,G007
6/10/2026 9:57,6/10/2026 10:02,0,33.5922,100,346,1,6/10/2026 10:02,R_P020,,,,,33.5922,-7.6184,anonymous,FR,1,4,3,2,2,3,2,3,P020,G007
6/10/2026 10:00,6/10/2026 10:06,0,33.5922,100,390,1,6/10/2026 10:06,R_P021,,,,,33.5922,-7.6184,anonymous,FR,1,3,2,2,3,4,3,3,P021,G007
6/10/2026 10:03,6/10/2026 10:09,0,33.5922,100,389,1,6/10/2026 10:09,R_P022,,,,,33.5922,-7.6184,anonymous,FR,1,3,4,4,4,2,2,1,P022,G008
6/10/2026 10:06,6/10/2026 10:10,0,33.5922,100,272,1,6/10/2026 10:10,R_P023,,,,,33.5922,-7.6184,anonymous,FR,1,3,3,2,2,3,2,3,P023,G008
6/10/2026 10:09,6/10/2026 10:15,0,33.5922,100,395,1,6/10/2026 10:15,R_P024,,,,,33.5922,-7.6184,anonymous,FR,1,4,2,2,4,3,2,3,P024,G008
6/10/2026 10:12,6/10/2026 10:16,0,33.5922,100,274,1,6/10/2026 10:16,R_P025,,,,,33.5922,-7.6184,anonymous,FR,1,4,5,4,3,3,2,1,P025,G009
6/10/2026 10:15,6/10/2026 10:20,0,33.5922,100,320,1,6/10/2026 10:20,R_P026,,,,,33.5922,-7.6184,anonymous,FR,1,2,1,2,2,2,2,3,P026,G009
6/10/2026 10:18,6/10/2026 10:23,0,33.5922,100,328,1,6/10/2026 10:23,R_P027,,,,,33.5922,-7.6184,anonymous,FR,1,3,2,2,1,3,3,3,P027,G009
6/10/2026 10:21,6/10/2026 10:27,0,33.5922,100,403,1,6/10/2026 10:27,R_P028,,,,,33.5922,-7.6184,anonymous,FR,1,4,4,3,4,2,2,1,P028,G010
6/10/2026 10:24,6/10/2026 10:29,0,33.5922,100,346,1,6/10/2026 10:29,R_P029,,,,,33.5922,-7.6184,anonymous,FR,1,2,1,1,2,2,2,3,P029,G010
6/10/2026 10:27,6/10/2026 10:31,0,33.5922,100,267,1,6/10/2026 10:31,R_P030,,,,,33.5922,-7.6184,anonymous,FR,1,3,3,2,2,3,2,3,P030,G010
6/10/2026 10:30,6/10/2026 10:35,0,33.5922,100,313,1,6/10/2026 10:35,R_P031,,,,,33.5922,-7.6184,anonymous,FR,1,4,3,5,4,3,3,1,P031,G011
6/10/2026 10:33,6/10/2026 10:38,0,33.5922,100,331,1,6/10/2026 10:38,R_P032,,,,,33.5922,-7.6184,anonymous,FR,1,3,2,3,2,3,2,3,P032,G011
6/10/2026 10:36,6/10/2026 10:42,0,33.5922,100,383,1,6/10/2026 10:42,R_P033,,,,,33.5922,-7.6184,anonymous,FR,1,2,3,3,2,2,2,3,P033,G011
6/10/2026 10:39,6/10/2026 10:44,0,33.5922,100,337,1,6/10/2026 10:44,R_P034,,,,,33.5922,-7.6184,anonymous,FR,1,2,5,4,4,2,2,1,P034,G012
6/10/2026 10:42,6/10/2026 10:47,0,33.5922,100,304,1,6/10/2026 10:47,R_P035,,,,,33.5922,-7.6184,anonymous,FR,1,3,4,3,2,3,3,3,P035,G012
6/10/2026 10:45,6/10/2026 10:51,0,33.5922,100,405,1,6/10/2026 10:51,R_P036,,,,,33.5922,-7.6184,anonymous,FR,1,2,3,3,2,2,2,3,P036,G012
6/10/2026 10:48,6/10/2026 10:53,0,33.5922,100,354,1,6/10/2026 10:53,R_P037,,,,,33.5922,-7.6184,anonymous,FR,1,4,5,4,4,2,2,1,P037,G013
6/10/2026 10:51,6/10/2026 10:56,0,33.5922,100,349,1,6/10/2026 10:56,R_P038,,,,,33.5922,-7.6184,anonymous,FR,1,3,3,3,4,3,2,3,P038,G013
6/10/2026 10:54,6/10/2026 10:58,0,33.5922,100,279,1,6/10/2026 10:58,R_P039,,,,,33.5922,-7.6184,anonymous,FR,1,4,3,2,2,2,1,3,P039,G013
6/10/2026 10:57,6/10/2026 11:02,0,33.5922,100,317,1,6/10/2026 11:02,R_P040,,,,,33.5922,-7.6184,anonymous,FR,1,3,4,3,5,2,3,1,P040,G014
6/10/2026 11:00,6/10/2026 11:04,0,33.5922,100,287,1,6/10/2026 11:04,R_P041,,,,,33.5922,-7.6184,anonymous,FR,1,1,2,3,3,2,3,3,P041,G014
6/10/2026 11:03,6/10/2026 11:07,0,33.5922,100,294,1,6/10/2026 11:07,R_P042,,,,,33.5922,-7.6184,anonymous,FR,1,2,2,2,4,2,2,3,P042,G014
6/10/2026 11:06,6/10/2026 11:12,0,33.5922,100,383,1,6/10/2026 11:12,R_P043,,,,,33.5922,-7.6184,anonymous,FR,1,5,2,5,4,1,3,1,P043,G015
6/10/2026 11:09,6/10/2026 11:15,0,33.5922,100,397,1,6/10/2026 11:15,R_P044,,,,,33.5922,-7.6184,anonymous,FR,1,3,2,4,3,2,3,3,P044,G015
6/10/2026 11:12,6/10/2026 11:16,0,33.5922,100,269,1,6/10/2026 11:16,R_P045,,,,,33.5922,-7.6184,anonymous,FR,1,2,3,2,4,3,2,3,P045,G015
6/10/2026 11:15,6/10/2026 11:21,0,33.5922,100,370,1,6/10/2026 11:21,R_P046,,,,,33.5922,-7.6184,anonymous,FR,1,4,4,4,4,1,2,1,P046,G016
6/10/2026 11:18,6/10/2026 11:22,0,33.5922,100,282,1,6/10/2026 11:22,R_P047,,,,,33.5922,-7.6184,anonymous,FR,1,4,2,2,2,3,3,3,P047,G016
6/10/2026 11:21,6/10/2026 11:25,0,33.5922,100,294,1,6/10/2026 11:25,R_P048,,,,,33.5922,-7.6184,anonymous,FR,1,3,2,3,3,2,1,3,P048,G016
6/10/2026 11:24,6/10/2026 11:29,0,33.5922,100,351,1,6/10/2026 11:29,R_P049,,,,,33.5922,-7.6184,anonymous,FR,1,3,2,4,3,2,2,1,P049,G017
6/10/2026 11:27,6/10/2026 11:31,0,33.5922,100,262,1,6/10/2026 11:31,R_P050,,,,,33.5922,-7.6184,anonymous,FR,1,3,3,3,3,3,1,3,P050,G017
6/10/2026 11:30,6/10/2026 11:35,0,33.5922,100,344,1,6/10/2026 11:35,R_P051,,,,,33.5922,-7.6184,anonymous,FR,1,2,3,2,3,2,2,3,P051,G017
6/10/2026 11:33,6/10/2026 11:39,0,33.5922,100,404,1,6/10/2026 11:39,R_P052,,,,,33.5922,-7.6184,anonymous,FR,1,4,4,4,4,3,2,1,P052,G018
6/10/2026 11:36,6/10/2026 11:42,0,33.5922,100,368,1,6/10/2026 11:42,R_P053,,,,,33.5922,-7.6184,anonymous,FR,1,4,3,3,3,3,2,3,P053,G018
6/10/2026 11:39,6/10/2026 11:44,0,33.5922,100,341,1,6/10/2026 11:44,R_P054,,,,,33.5922,-7.6184,anonymous,FR,1,3,2,3,3,2,1,3,P054,G018
6/10/2026 11:42,6/10/2026 11:48,0,33.5922,100,379,1,6/10/2026 11:48,R_P055,,,,,33.5922,-7.6184,anonymous,FR,1,4,5,3,5,4,2,1,P055,G019
6/10/2026 11:45,6/10/2026 11:51,0,33.5922,100,405,1,6/10/2026 11:51,R_P056,,,,,33.5922,-7.6184,anonymous,FR,1,1,4,2,2,3,2,3,P056,G019
6/10/2026 11:48,6/10/2026 11:54,0,33.5922,100,392,1,6/10/2026 11:54,R_P057,,,,,33.5922,-7.6184,anonymous,FR,1,2,3,3,3,2,1,3,P057,G019
6/10/2026 11:51,6/10/2026 11:55,0,33.5922,100,294,1,6/10/2026 11:55,R_P058,,,,,33.5922,-7.6184,anonymous,FR,1,3,4,3,4,3,3,1,P058,G020
6/10/2026 11:54,6/10/2026 11:58,0,33.5922,100,289,1,6/10/2026 11:58,R_P059,,,,,33.5922,-7.6184,anonymous,FR,1,3,3,2,3,3,1,3,P059,G020
6/10/2026 11:57,6/10/2026 12:03,0,33.5922,100,380,1,6/10/2026 12:03,R_P060,,,,,33.5922,-7.6184,anonymous,FR,1,2,3,3,3,3,3,3,P060,G020
6/10/2026 12:00,6/10/2026 12:06,0,33.5922,100,364,1,6/10/2026 12:06,R_P061,,,,,33.5922,-7.6184,anonymous,FR,1,4,4,4,3,2,3,1,P061,G021
6/10/2026 12:03,6/10/2026 12:07,0,33.5922,100,289,1,6/10/2026 12:07,R_P062,,,,,33.5922,-7.6184,anonymous,FR,1,2,3,2,2,2,2,3,P062,G021
6/10/2026 12:06,6/10/2026 12:11,0,33.5922,100,333,1,6/10/2026 12:11,R_P063,,,,,33.5922,-7.6184,anonymous,FR,1,3,1,3,3,3,1,3,P063,G021
6/10/2026 12:09,6/10/2026 12:15,0,33.5922,100,404,1,6/10/2026 12:15,R_P064,,,,,33.5922,-7.6184,anonymous,FR,1,3,4,5,5,3,2,1,P064,G022
6/10/2026 12:12,6/10/2026 12:17,0,33.5922,100,331,1,6/10/2026 12:17,R_P065,,,,,33.5922,-7.6184,anonymous,FR,1,3,2,3,3,3,3,3,P065,G022
6/10/2026 12:15,6/10/2026 12:19,0,33.5922,100,275,1,6/10/2026 12:19,R_P066,,,,,33.5922,-7.6184,anonymous,FR,1,3,2,2,2,2,1,3,P066,G022
6/10/2026 12:18,6/10/2026 12:24,0,33.5922,100,369,1,6/10/2026 12:24,R_P067,,,,,33.5922,-7.6184,anonymous,FR,1,3,3,3,3,3,2,1,P067,G023
6/10/2026 12:21,6/10/2026 12:26,0,33.5922,100,306,1,6/10/2026 12:26,R_P068,,,,,33.5922,-7.6184,anonymous,FR,1,1,2,1,3,2,3,3,P068,G023
6/10/2026 12:24,6/10/2026 12:30,0,33.5922,100,390,1,6/10/2026 12:30,R_P069,,,,,33.5922,-7.6184,anonymous,FR,1,3,2,2,3,2,3,3,P069,G023
6/10/2026 12:27,6/10/2026 12:33,0,33.5922,100,409,1,6/10/2026 12:33,R_P070,,,,,33.5922,-7.6184,anonymous,FR,1,4,6,5,4,3,2,1,P070,G024
6/10/2026 12:30,6/10/2026 12:34,0,33.5922,100,280,1,6/10/2026 12:34,R_P071,,,,,33.5922,-7.6184,anonymous,FR,1,3,4,2,1,2,2,3,P071,G024
6/10/2026 12:33,6/10/2026 12:38,0,33.5922,100,331,1,6/10/2026 12:38,R_P072,,,,,33.5922,-7.6184,anonymous,FR,1,4,3,3,3,3,3,3,P072,G024
6/10/2026 12:36,6/10/2026 12:42,0,33.5922,100,372,1,6/10/2026 12:42,R_P073,,,,,33.5922,-7.6184,anonymous,FR,1,4,3,3,4,4,3,1,P073,G025
6/10/2026 12:39,6/10/2026 12:44,0,33.5922,100,322,1,6/10/2026 12:44,R_P074,,,,,33.5922,-7.6184,anonymous,FR,1,4,4,2,2,2,2,3,P074,G025
6/10/2026 12:42,6/10/2026 12:48,0,33.5922,100,385,1,6/10/2026 12:48,R_P075,,,,,33.5922,-7.6184,anonymous,FR,1,3,4,2,3,3,2,3,P075,G025
6/10/2026 12:45,6/10/2026 12:50,0,33.5922,100,336,1,6/10/2026 12:50,R_P076,,,,,33.5922,-7.6184,anonymous,FR,1,6,6,5,7,5,3,1,P076,G026
6/10/2026 12:48,6/10/2026 12:54,0,33.5922,100,394,1,6/10/2026 12:54,R_P077,,,,,33.5922,-7.6184,anonymous,FR,1,7,6,5,6,5,2,3,P077,G026
6/10/2026 12:51,6/10/2026 12:55,0,33.5922,100,278,1,6/10/2026 12:55,R_P078,,,,,33.5922,-7.6184,anonymous,FR,1,6,6,6,5,6,4,3,P078,G026
6/10/2026 12:54,6/10/2026 12:58,0,33.5922,100,269,1,6/10/2026 12:58,R_P079,,,,,33.5922,-7.6184,anonymous,FR,1,5,6,6,6,6,2,1,P079,G027
6/10/2026 12:57,6/10/2026 13:01,0,33.5922,100,251,1,6/10/2026 13:01,R_P080,,,,,33.5922,-7.6184,anonymous,FR,1,6,6,6,6,6,2,3,P080,G027
6/10/2026 13:00,6/10/2026 13:04,0,33.5922,100,282,1,6/10/2026 13:04,R_P081,,,,,33.5922,-7.6184,anonymous,FR,1,6,6,7,5,6,2,3,P081,G027
6/10/2026 13:03,6/10/2026 13:09,0,33.5922,100,409,1,6/10/2026 13:09,R_P082,,,,,33.5922,-7.6184,anonymous,FR,1,7,4,6,7,5,3,1,P082,G028
6/10/2026 13:06,6/10/2026 13:10,0,33.5922,100,296,1,6/10/2026 13:10,R_P083,,,,,33.5922,-7.6184,anonymous,FR,1,6,5,6,4,6,3,3,P083,G028
6/10/2026 13:09,6/10/2026 13:14,0,33.5922,100,307,1,6/10/2026 13:14,R_P084,,,,,33.5922,-7.6184,anonymous,FR,1,6,7,6,5,6,3,3,P084,G028
6/10/2026 13:12,6/10/2026 13:16,0,33.5922,100,273,1,6/10/2026 13:16,R_P085,,,,,33.5922,-7.6184,anonymous,FR,1,6,6,6,5,6,3,1,P085,G029
6/10/2026 13:15,6/10/2026 13:19,0,33.5922,100,264,1,6/10/2026 13:19,R_P086,,,,,33.5922,-7.6184,anonymous,FR,1,6,7,4,5,5,2,3,P086,G029
6/10/2026 13:18,6/10/2026 13:22,0,33.5922,100,263,1,6/10/2026 13:22,R_P087,,,,,33.5922,-7.6184,anonymous,FR,1,5,6,5,5,7,2,3,P087,G029
6/10/2026 13:21,6/10/2026 13:27,0,33.5922,100,406,1,6/10/2026 13:27,R_P088,,,,,33.5922,-7.6184,anonymous,FR,1,5,6,7,5,5,3,1,P088,G030
6/10/2026 13:24,6/10/2026 13:30,0,33.5922,100,363,1,6/10/2026 13:30,R_P089,,,,,33.5922,-7.6184,anonymous,FR,1,6,5,5,5,6,2,3,P089,G030
6/10/2026 13:27,6/10/2026 13:31,0,33.5922,100,265,1,6/10/2026 13:31,R_P090,,,,,33.5922,-7.6184,anonymous,FR,1,5,6,6,4,7,3,3,P090,G030
6/10/2026 13:30,6/10/2026 13:36,0,33.5922,100,379,1,6/10/2026 13:36,R_P091,,,,,33.5922,-7.6184,anonymous,FR,1,6,6,6,5,6,2,1,P091,G031
6/10/2026 13:33,6/10/2026 13:37,0,33.5922,100,241,1,6/10/2026 13:37,R_P092,,,,,33.5922,-7.6184,anonymous,FR,1,5,6,6,5,6,3,3,P092,G031
6/10/2026 13:36,6/10/2026 13:42,0,33.5922,100,389,1,6/10/2026 13:42,R_P093,,,,,33.5922,-7.6184,anonymous,FR,1,6,7,5,6,6,3,3,P093,G031
6/10/2026 13:39,6/10/2026 13:43,0,33.5922,100,292,1,6/10/2026 13:43,R_P094,,,,,33.5922,-7.6184,anonymous,FR,1,5,7,5,6,5,2,1,P094,G032
6/10/2026 13:42,6/10/2026 13:47,0,33.5922,100,318,1,6/10/2026 13:47,R_P095,,,,,33.5922,-7.6184,anonymous,FR,1,5,5,5,6,6,2,3,P095,G032
6/10/2026 13:45,6/10/2026 13:49,0,33.5922,100,298,1,6/10/2026 13:49,R_P096,,,,,33.5922,-7.6184,anonymous,FR,1,5,6,6,6,5,3,3,P096,G032
6/10/2026 13:48,6/10/2026 13:54,0,33.5922,100,380,1,6/10/2026 13:54,R_P097,,,,,33.5922,-7.6184,anonymous,FR,1,5,5,7,6,5,2,1,P097,G033
6/10/2026 13:51,6/10/2026 13:55,0,33.5922,100,277,1,6/10/2026 13:55,R_P098,,,,,33.5922,-7.6184,anonymous,FR,1,5,6,6,6,5,3,3,P098,G033
6/10/2026 13:54,6/10/2026 13:59,0,33.5922,100,338,1,6/10/2026 13:59,R_P099,,,,,33.5922,-7.6184,anonymous,FR,1,6,5,5,5,6,2,3,P099,G033
6/10/2026 13:57,6/10/2026 14:01,0,33.5922,100,284,1,6/10/2026 14:01,R_P100,,,,,33.5922,-7.6184,anonymous,FR,1,5,5,6,7,6,2,1,P100,G034
6/10/2026 14:00,6/10/2026 14:04,0,33.5922,100,248,1,6/10/2026 14:04,R_P101,,,,,33.5922,-7.6184,anonymous,FR,1,6,5,5,5,6,2,3,P101,G034
6/10/2026 14:03,6/10/2026 14:09,0,33.5922,100,407,1,6/10/2026 14:09,R_P102,,,,,33.5922,-7.6184,anonymous,FR,1,6,6,7,6,5,3,3,P102,G034
6/10/2026 14:06,6/10/2026 14:12,0,33.5922,100,390,1,6/10/2026 14:12,R_P103,,,,,33.5922,-7.6184,anonymous,FR,1,6,6,5,4,5,2,1,P103,G035
6/10/2026 14:09,6/10/2026 14:15,0,33.5922,100,383,1,6/10/2026 14:15,R_P104,,,,,33.5922,-7.6184,anonymous,FR,1,6,5,6,5,5,2,3,P104,G035
6/10/2026 14:12,6/10/2026 14:17,0,33.5922,100,343,1,6/10/2026 14:17,R_P105,,,,,33.5922,-7.6184,anonymous,FR,1,5,5,5,6,6,3,3,P105,G035
6/10/2026 14:15,6/10/2026 14:19,0,33.5922,100,269,1,6/10/2026 14:19,R_P106,,,,,33.5922,-7.6184,anonymous,FR,1,6,4,7,5,5,2,1,P106,G036
6/10/2026 14:18,6/10/2026 14:23,0,33.5922,100,336,1,6/10/2026 14:23,R_P107,,,,,33.5922,-7.6184,anonymous,FR,1,4,5,6,4,5,3,3,P107,G036
6/10/2026 14:21,6/10/2026 14:27,0,33.5922,100,390,1,6/10/2026 14:27,R_P108,,,,,33.5922,-7.6184,anonymous,FR,1,6,5,6,6,6,2,3,P108,G036
6/10/2026 14:24,6/10/2026 14:30,0,33.5922,100,419,1,6/10/2026 14:30,R_P109,,,,,33.5922,-7.6184,anonymous,FR,1,6,7,7,6,7,3,1,P109,G037
6/10/2026 14:27,6/10/2026 14:32,0,33.5922,100,303,1,6/10/2026 14:32,R_P110,,,,,33.5922,-7.6184,anonymous,FR,1,5,6,6,5,5,2,3,P110,G037
6/10/2026 14:30,6/10/2026 14:35,0,33.5922,100,320,1,6/10/2026 14:35,R_P111,,,,,33.5922,-7.6184,anonymous,FR,1,5,7,5,7,5,1,3,P111,G037
6/10/2026 14:33,6/10/2026 14:39,0,33.5922,100,367,1,6/10/2026 14:39,R_P112,,,,,33.5922,-7.6184,anonymous,FR,1,6,5,6,6,6,4,1,P112,G038
6/10/2026 14:36,6/10/2026 14:42,0,33.5922,100,398,1,6/10/2026 14:42,R_P113,,,,,33.5922,-7.6184,anonymous,FR,1,5,7,6,6,6,2,3,P113,G038
6/10/2026 14:39,6/10/2026 14:43,0,33.5922,100,241,1,6/10/2026 14:43,R_P114,,,,,33.5922,-7.6184,anonymous,FR,1,6,5,6,6,5,2,3,P114,G038
6/10/2026 14:42,6/10/2026 14:48,0,33.5922,100,387,1,6/10/2026 14:48,R_P115,,,,,33.5922,-7.6184,anonymous,FR,1,6,5,7,6,6,3,1,P115,G039
6/10/2026 14:45,6/10/2026 14:51,0,33.5922,100,387,1,6/10/2026 14:51,R_P116,,,,,33.5922,-7.6184,anonymous,FR,1,6,6,4,6,6,3,3,P116,G039
6/10/2026 14:48,6/10/2026 14:54,0,33.5922,100,415,1,6/10/2026 14:54,R_P117,,,,,33.5922,-7.6184,anonymous,FR,1,6,5,6,6,6,3,3,P117,G039
6/10/2026 14:51,6/10/2026 14:57,0,33.5922,100,412,1,6/10/2026 14:57,R_P118,,,,,33.5922,-7.6184,anonymous,FR,1,6,7,5,7,6,3,1,P118,G040
6/10/2026 14:54,6/10/2026 14:59,0,33.5922,100,300,1,6/10/2026 14:59,R_P119,,,,,33.5922,-7.6184,anonymous,FR,1,5,7,5,6,5,3,3,P119,G040
6/10/2026 14:57,6/10/2026 15:02,0,33.5922,100,335,1,6/10/2026 15:02,R_P120,,,,,33.5922,-7.6184,anonymous,FR,1,5,6,5,6,7,2,3,P120,G040
6/10/2026 15:00,6/10/2026 15:04,0,33.5922,100,265,1,6/10/2026 15:04,R_P121,,,,,33.5922,-7.6184,anonymous,FR,1,6,5,5,5,6,4,1,P121,G041
6/10/2026 15:03,6/10/2026 15:07,0,33.5922,100,278,1,6/10/2026 15:07,R_P122,,,,,33.5922,-7.6184,anonymous,FR,1,6,6,5,6,6,2,3,P122,G041
6/10/2026 15:06,6/10/2026 15:12,0,33.5922,100,376,1,6/10/2026 15:12,R_P123,,,,,33.5922,-7.6184,anonymous,FR,1,5,4,5,6,5,2,3,P123,G041
6/10/2026 15:09,6/10/2026 15:15,0,33.5922,100,416,1,6/10/2026 15:15,R_P124,,,,,33.5922,-7.6184,anonymous,FR,1,6,6,6,7,7,3,1,P124,G042
6/10/2026 15:12,6/10/2026 15:17,0,33.5922,100,306,1,6/10/2026 15:17,R_P125,,,,,33.5922,-7.6184,anonymous,FR,1,5,6,6,5,6,3,3,P125,G042
6/10/2026 15:15,6/10/2026 15:21,0,33.5922,100,413,1,6/10/2026 15:21,R_P126,,,,,33.5922,-7.6184,anonymous,FR,1,6,5,5,5,6,3,3,P126,G042
6/10/2026 15:18,6/10/2026 15:23,0,33.5922,100,330,1,6/10/2026 15:23,R_P127,,,,,33.5922,-7.6184,anonymous,FR,1,6,7,6,5,7,3,1,P127,G043
6/10/2026 15:21,6/10/2026 15:26,0,33.5922,100,358,1,6/10/2026 15:26,R_P128,,,,,33.5922,-7.6184,anonymous,FR,1,5,5,6,7,5,3,3,P128,G043
6/10/2026 15:24,6/10/2026 15:30,0,33.5922,100,386,1,6/10/2026 15:30,R_P129,,,,,33.5922,-7.6184,anonymous,FR,1,4,6,6,6,5,3,3,P129,G043
6/10/2026 15:27,6/10/2026 15:32,0,33.5922,100,308,1,6/10/2026 15:32,R_P130,,,,,33.5922,-7.6184,anonymous,FR,1,5,5,7,5,7,2,1,P130,G044
6/10/2026 15:30,6/10/2026 15:36,0,33.5922,100,373,1,6/10/2026 15:36,R_P131,,,,,33.5922,-7.6184,anonymous,FR,1,6,5,6,6,6,2,3,P131,G044
6/10/2026 15:33,6/10/2026 15:39,0,33.5922,100,419,1,6/10/2026 15:39,R_P132,,,,,33.5922,-7.6184,anonymous,FR,1,6,5,5,6,6,2,3,P132,G044
6/10/2026 15:36,6/10/2026 15:40,0,33.5922,100,253,1,6/10/2026 15:40,R_P133,,,,,33.5922,-7.6184,anonymous,FR,1,7,6,6,6,6,3,1,P133,G045
6/10/2026 15:39,6/10/2026 15:45,0,33.5922,100,407,1,6/10/2026 15:45,R_P134,,,,,33.5922,-7.6184,anonymous,FR,1,6,5,6,7,6,3,3,P134,G045
6/10/2026 15:42,6/10/2026 15:48,0,33.5922,100,374,1,6/10/2026 15:48,R_P135,,,,,33.5922,-7.6184,anonymous,FR,1,6,5,5,4,5,3,3,P135,G045
6/10/2026 15:45,6/10/2026 15:51,0,33.5922,100,378,1,6/10/2026 15:51,R_P136,,,,,33.5922,-7.6184,anonymous,FR,1,7,6,7,7,5,2,1,P136,G046
6/10/2026 15:48,6/10/2026 15:53,0,33.5922,100,356,1,6/10/2026 15:53,R_P137,,,,,33.5922,-7.6184,anonymous,FR,1,5,5,5,5,5,2,3,P137,G046
6/10/2026 15:51,6/10/2026 15:56,0,33.5922,100,328,1,6/10/2026 15:56,R_P138,,,,,33.5922,-7.6184,anonymous,FR,1,5,6,6,6,6,3,3,P138,G046
6/10/2026 15:54,6/10/2026 15:58,0,33.5922,100,242,1,6/10/2026 15:58,R_P139,,,,,33.5922,-7.6184,anonymous,FR,1,7,6,6,5,6,3,1,P139,G047
6/10/2026 15:57,6/10/2026 16:03,0,33.5922,100,365,1,6/10/2026 16:03,R_P140,,,,,33.5922,-7.6184,anonymous,FR,1,6,5,6,6,6,3,3,P140,G047
6/10/2026 16:00,6/10/2026 16:04,0,33.5922,100,241,1,6/10/2026 16:04,R_P141,,,,,33.5922,-7.6184,anonymous,FR,1,5,5,6,5,6,3,3,P141,G047
6/10/2026 16:03,6/10/2026 16:09,0,33.5922,100,405,1,6/10/2026 16:09,R_P142,,,,,33.5922,-7.6184,anonymous,FR,1,5,6,6,7,6,4,1,P142,G048
6/10/2026 16:06,6/10/2026 16:12,0,33.5922,100,396,1,6/10/2026 16:12,R_P143,,,,,33.5922,-7.6184,anonymous,FR,1,6,5,5,7,6,2,3,P143,G048
6/10/2026 16:09,6/10/2026 16:13,0,33.5922,100,257,1,6/10/2026 16:13,R_P144,,,,,33.5922,-7.6184,anonymous,FR,1,6,6,5,5,6,3,3,P144,G048
6/10/2026 16:12,6/10/2026 16:16,0,33.5922,100,288,1,6/10/2026 16:16,R_P145,,,,,33.5922,-7.6184,anonymous,FR,1,6,6,6,6,6,2,1,P145,G049
6/10/2026 16:15,6/10/2026 16:19,0,33.5922,100,272,1,6/10/2026 16:19,R_P146,,,,,33.5922,-7.6184,anonymous,FR,1,5,4,6,6,5,3,3,P146,G049
6/10/2026 16:18,6/10/2026 16:23,0,33.5922,100,319,1,6/10/2026 16:23,R_P147,,,,,33.5922,-7.6184,anonymous,FR,1,6,5,5,6,6,3,3,P147,G049
6/10/2026 16:21,6/10/2026 16:25,0,33.5922,100,277,1,6/10/2026 16:25,R_P148,,,,,33.5922,-7.6184,anonymous,FR,1,7,6,7,6,6,4,1,P148,G050
6/10/2026 16:24,6/10/2026 16:29,0,33.5922,100,337,1,6/10/2026 16:29,R_P149,,,,,33.5922,-7.6184,anonymous,FR,1,6,5,6,5,6,2,3,P149,G050
6/10/2026 16:27,6/10/2026 16:31,0,33.5922,100,248,1,6/10/2026 16:31,R_P150,,,,,33.5922,-7.6184,anonymous,FR,1,6,7,6,6,6,3,3,P150,G050
6/10/2026 16:30,6/10/2026 16:35,0,33.5922,100,319,1,6/10/2026 16:35,R_P151,,,,,33.5922,-7.6184,anonymous,FR,1,6,5,5,4,3,6,1,P151,G051
6/10/2026 16:33,6/10/2026 16:39,0,33.5922,100,363,1,6/10/2026 16:39,R_P152,,,,,33.5922,-7.6184,anonymous,FR,1,5,5,6,4,3,6,3,P152,G051
6/10/2026 16:36,6/10/2026 16:42,0,33.5922,100,402,1,6/10/2026 16:42,R_P153,,,,,33.5922,-7.6184,anonymous,FR,1,5,5,5,4,2,6,3,P153,G051
6/10/2026 16:39,6/10/2026 16:43,0,33.5922,100,250,1,6/10/2026 16:43,R_P154,,,,,33.5922,-7.6184,anonymous,FR,1,4,5,5,5,3,5,1,P154,G052
6/10/2026 16:42,6/10/2026 16:48,0,33.5922,100,367,1,6/10/2026 16:48,R_P155,,,,,33.5922,-7.6184,anonymous,FR,1,6,6,7,4,3,5,3,P155,G052
6/10/2026 16:45,6/10/2026 16:51,0,33.5922,100,405,1,6/10/2026 16:51,R_P156,,,,,33.5922,-7.6184,anonymous,FR,1,5,6,6,6,2,6,3,P156,G052
6/10/2026 16:48,6/10/2026 16:54,0,33.5922,100,405,1,6/10/2026 16:54,R_P157,,,,,33.5922,-7.6184,anonymous,FR,1,5,4,5,6,3,5,1,P157,G053
6/10/2026 16:51,6/10/2026 16:55,0,33.5922,100,274,1,6/10/2026 16:55,R_P158,,,,,33.5922,-7.6184,anonymous,FR,1,5,5,5,4,2,5,3,P158,G053
6/10/2026 16:54,6/10/2026 17:00,0,33.5922,100,385,1,6/10/2026 17:00,R_P159,,,,,33.5922,-7.6184,anonymous,FR,1,5,6,5,4,3,4,3,P159,G053
6/10/2026 16:57,6/10/2026 17:03,0,33.5922,100,381,1,6/10/2026 17:03,R_P160,,,,,33.5922,-7.6184,anonymous,FR,1,6,6,4,6,2,5,1,P160,G054
6/10/2026 17:00,6/10/2026 17:06,0,33.5922,100,403,1,6/10/2026 17:06,R_P161,,,,,33.5922,-7.6184,anonymous,FR,1,4,5,6,4,2,6,3,P161,G054
6/10/2026 17:03,6/10/2026 17:08,0,33.5922,100,322,1,6/10/2026 17:08,R_P162,,,,,33.5922,-7.6184,anonymous,FR,1,5,4,4,5,2,5,3,P162,G054
6/10/2026 17:06,6/10/2026 17:12,0,33.5922,100,381,1,6/10/2026 17:12,R_P163,,,,,33.5922,-7.6184,anonymous,FR,1,6,6,5,6,4,6,1,P163,G055
6/10/2026 17:09,6/10/2026 17:13,0,33.5922,100,251,1,6/10/2026 17:13,R_P164,,,,,33.5922,-7.6184,anonymous,FR,1,5,5,5,5,3,6,3,P164,G055
6/10/2026 17:12,6/10/2026 17:18,0,33.5922,100,386,1,6/10/2026 17:18,R_P165,,,,,33.5922,-7.6184,anonymous,FR,1,5,4,4,5,3,5,3,P165,G055
6/10/2026 17:15,6/10/2026 17:19,0,33.5922,100,296,1,6/10/2026 17:19,R_P166,,,,,33.5922,-7.6184,anonymous,FR,1,5,5,6,5,2,6,1,P166,G056
6/10/2026 17:18,6/10/2026 17:22,0,33.5922,100,260,1,6/10/2026 17:22,R_P167,,,,,33.5922,-7.6184,anonymous,FR,1,4,5,4,6,4,5,3,P167,G056
6/10/2026 17:21,6/10/2026 17:25,0,33.5922,100,254,1,6/10/2026 17:25,R_P168,,,,,33.5922,-7.6184,anonymous,FR,1,5,5,5,5,2,7,3,P168,G056
6/10/2026 17:24,6/10/2026 17:30,0,33.5922,100,372,1,6/10/2026 17:30,R_P169,,,,,33.5922,-7.6184,anonymous,FR,1,6,6,5,5,2,6,1,P169,G057
6/10/2026 17:27,6/10/2026 17:33,0,33.5922,100,400,1,6/10/2026 17:33,R_P170,,,,,33.5922,-7.6184,anonymous,FR,1,6,5,4,5,3,5,3,P170,G057
6/10/2026 17:30,6/10/2026 17:36,0,33.5922,100,412,1,6/10/2026 17:36,R_P171,,,,,33.5922,-7.6184,anonymous,FR,1,4,5,5,5,3,6,3,P171,G057
6/10/2026 17:33,6/10/2026 17:38,0,33.5922,100,326,1,6/10/2026 17:38,R_P172,,,,,33.5922,-7.6184,anonymous,FR,1,5,5,4,4,3,5,1,P172,G058
6/10/2026 17:36,6/10/2026 17:41,0,33.5922,100,323,1,6/10/2026 17:41,R_P173,,,,,33.5922,-7.6184,anonymous,FR,1,5,4,4,4,3,6,3,P173,G058
6/10/2026 17:39,6/10/2026 17:45,0,33.5922,100,379,1,6/10/2026 17:45,R_P174,,,,,33.5922,-7.6184,anonymous,FR,1,5,6,5,5,3,5,3,P174,G058
6/10/2026 17:42,6/10/2026 17:47,0,33.5922,100,341,1,6/10/2026 17:47,R_P175,,,,,33.5922,-7.6184,anonymous,FR,1,6,5,5,6,4,7,1,P175,G059
6/10/2026 17:45,6/10/2026 17:49,0,33.5922,100,241,1,6/10/2026 17:49,R_P176,,,,,33.5922,-7.6184,anonymous,FR,1,5,5,5,5,3,5,3,P176,G059
6/10/2026 17:48,6/10/2026 17:53,0,33.5922,100,310,1,6/10/2026 17:53,R_P177,,,,,33.5922,-7.6184,anonymous,FR,1,6,5,4,5,3,6,3,P177,G059
6/10/2026 17:51,6/10/2026 17:55,0,33.5922,100,279,1,6/10/2026 17:55,R_P178,,,,,33.5922,-7.6184,anonymous,FR,1,6,6,5,5,3,5,1,P178,G060
6/10/2026 17:54,6/10/2026 17:59,0,33.5922,100,342,1,6/10/2026 17:59,R_P179,,,,,33.5922,-7.6184,anonymous,FR,1,5,5,6,5,2,6,3,P179,G060
6/10/2026 17:57,6/10/2026 18:03,0,33.5922,100,416,1,6/10/2026 18:03,R_P180,,,,,33.5922,-7.6184,anonymous,FR,1,5,4,6,6,4,6,3,P180,G060
6/10/2026 18:00,6/10/2026 18:05,0,33.5922,100,337,1,6/10/2026 18:05,R_P181,,,,,33.5922,-7.6184,anonymous,FR,1,6,6,5,5,3,5,1,P181,G061
6/10/2026 18:03,6/10/2026 18:07,0,33.5922,100,270,1,6/10/2026 18:07,R_P182,,,,,33.5922,-7.6184,anonymous,FR,1,5,5,4,4,4,6,3,P182,G061
6/10/2026 18:06,6/10/2026 18:11,0,33.5922,100,337,1,6/10/2026 18:11,R_P183,,,,,33.5922,-7.6184,anonymous,FR,1,6,5,5,6,2,6,3,P183,G061
6/10/2026 18:09,6/10/2026 18:13,0,33.5922,100,279,1,6/10/2026 18:13,R_P184,,,,,33.5922,-7.6184,anonymous,FR,1,6,6,5,6,2,5,1,P184,G062
6/10/2026 18:12,6/10/2026 18:16,0,33.5922,100,296,1,6/10/2026 18:16,R_P185,,,,,33.5922,-7.6184,anonymous,FR,1,4,6,5,6,2,6,3,P185,G062
6/10/2026 18:15,6/10/2026 18:21,0,33.5922,100,380,1,6/10/2026 18:21,R_P186,,,,,33.5922,-7.6184,anonymous,FR,1,5,5,4,5,3,6,3,P186,G062
6/10/2026 18:18,6/10/2026 18:24,0,33.5922,100,383,1,6/10/2026 18:24,R_P187,,,,,33.5922,-7.6184,anonymous,FR,1,6,6,5,5,4,6,1,P187,G063
6/10/2026 18:21,6/10/2026 18:26,0,33.5922,100,302,1,6/10/2026 18:26,R_P188,,,,,33.5922,-7.6184,anonymous,FR,1,6,6,4,6,4,6,3,P188,G063
6/10/2026 18:24,6/10/2026 18:29,0,33.5922,100,348,1,6/10/2026 18:29,R_P189,,,,,33.5922,-7.6184,anonymous,FR,1,5,5,4,6,3,5,3,P189,G063
6/10/2026 18:27,6/10/2026 18:32,0,33.5922,100,329,1,6/10/2026 18:32,R_P190,,,,,33.5922,-7.6184,anonymous,FR,1,4,4,5,6,4,6,1,P190,G064
6/10/2026 18:30,6/10/2026 18:34,0,33.5922,100,291,1,6/10/2026 18:34,R_P191,,,,,33.5922,-7.6184,anonymous,FR,1,5,5,5,5,3,5,3,P191,G064
6/10/2026 18:33,6/10/2026 18:39,0,33.5922,100,398,1,6/10/2026 18:39,R_P192,,,,,33.5922,-7.6184,anonymous,FR,1,6,4,5,5,3,5,3,P192,G064
6/10/2026 18:36,6/10/2026 18:41,0,33.5922,100,355,1,6/10/2026 18:41,R_P193,,,,,33.5922,-7.6184,anonymous,FR,1,5,6,5,5,2,5,1,P193,G065
6/10/2026 18:39,6/10/2026 18:45,0,33.5922,100,380,1,6/10/2026 18:45,R_P194,,,,,33.5922,-7.6184,anonymous,FR,1,4,5,6,6,4,6,3,P194,G065
6/10/2026 18:42,6/10/2026 18:48,0,33.5922,100,409,1,6/10/2026 18:48,R_P195,,,,,33.5922,-7.6184,anonymous,FR,1,4,5,5,5,3,5,3,P195,G065
6/10/2026 18:45,6/10/2026 18:50,0,33.5922,100,359,1,6/10/2026 18:50,R_P196,,,,,33.5922,-7.6184,anonymous,FR,1,5,5,5,6,3,5,1,P196,G066
6/10/2026 18:48,6/10/2026 18:52,0,33.5922,100,267,1,6/10/2026 18:52,R_P197,,,,,33.5922,-7.6184,anonymous,FR,1,6,5,5,5,2,7,3,P197,G066
6/10/2026 18:51,6/10/2026 18:55,0,33.5922,100,265,1,6/10/2026 18:55,R_P198,,,,,33.5922,-7.6184,anonymous,FR,1,6,5,5,5,3,7,3,P198,G066
6/10/2026 18:54,6/10/2026 19:00,0,33.5922,100,383,1,6/10/2026 19:00,R_P199,,,,,33.5922,-7.6184,anonymous,FR,1,6,5,5,6,2,6,1,P199,G067
6/10/2026 18:57,6/10/2026 19:01,0,33.5922,100,280,1,6/10/2026 19:01,R_P200,,,,,33.5922,-7.6184,anonymous,FR,1,6,5,5,5,4,6,3,P200,G067
6/10/2026 19:00,6/10/2026 19:05,0,33.5922,100,310,1,6/10/2026 19:05,R_P201,,,,,33.5922,-7.6184,anonymous,FR,1,5,4,6,4,3,5,3,P201,G067
6/10/2026 19:03,6/10/2026 19:09,0,33.5922,100,382,1,6/10/2026 19:09,R_P202,,,,,33.5922,-7.6184,anonymous,FR,1,6,5,5,6,3,6,1,P202,G068
6/10/2026 19:06,6/10/2026 19:12,0,33.5922,100,373,1,6/10/2026 19:12,R_P203,,,,,33.5922,-7.6184,anonymous,FR,1,6,5,5,5,3,6,3,P203,G068
6/10/2026 19:09,6/10/2026 19:14,0,33.5922,100,319,1,6/10/2026 19:14,R_P204,,,,,33.5922,-7.6184,anonymous,FR,1,6,5,5,5,3,6,3,P204,G068
6/10/2026 19:12,6/10/2026 19:16,0,33.5922,100,291,1,6/10/2026 19:16,R_P205,,,,,33.5922,-7.6184,anonymous,FR,1,6,5,5,5,4,7,1,P205,G069
6/10/2026 19:15,6/10/2026 19:19,0,33.5922,100,277,1,6/10/2026 19:19,R_P206,,,,,33.5922,-7.6184,anonymous,FR,1,4,4,5,5,2,5,3,P206,G069
6/10/2026 19:18,6/10/2026 19:22,0,33.5922,100,287,1,6/10/2026 19:22,R_P207,,,,,33.5922,-7.6184,anonymous,FR,1,4,6,5,4,3,5,3,P207,G069
6/10/2026 19:21,6/10/2026 19:26,0,33.5922,100,345,1,6/10/2026 19:26,R_P208,,,,,33.5922,-7.6184,anonymous,FR,1,5,6,6,5,3,5,1,P208,G070
6/10/2026 19:24,6/10/2026 19:28,0,33.5922,100,288,1,6/10/2026 19:28,R_P209,,,,,33.5922,-7.6184,anonymous,FR,1,5,5,5,4,3,6,3,P209,G070
6/10/2026 19:27,6/10/2026 19:31,0,33.5922,100,299,1,6/10/2026 19:31,R_P210,,,,,33.5922,-7.6184,anonymous,FR,1,5,5,5,5,3,5,3,P210,G070
6/10/2026 19:30,6/10/2026 19:36,0,33.5922,100,394,1,6/10/2026 19:36,R_P211,,,,,33.5922,-7.6184,anonymous,FR,1,4,6,6,6,2,6,1,P211,G071
6/10/2026 19:33,6/10/2026 19:37,0,33.5922,100,297,1,6/10/2026 19:37,R_P212,,,,,33.5922,-7.6184,anonymous,FR,1,6,5,6,5,2,6,3,P212,G071
6/10/2026 19:36,6/10/2026 19:40,0,33.5922,100,291,1,6/10/2026 19:40,R_P213,,,,,33.5922,-7.6184,anonymous,FR,1,5,5,7,4,3,5,3,P213,G071
6/10/2026 19:39,6/10/2026 19:44,0,33.5922,100,323,1,6/10/2026 19:44,R_P214,,,,,33.5922,-7.6184,anonymous,FR,1,6,4,4,6,2,5,1,P214,G072
6/10/2026 19:42,6/10/2026 19:47,0,33.5922,100,320,1,6/10/2026 19:47,R_P215,,,,,33.5922,-7.6184,anonymous,FR,1,4,6,4,5,2,5,3,P215,G072
6/10/2026 19:45,6/10/2026 19:49,0,33.5922,100,249,1,6/10/2026 19:49,R_P216,,,,,33.5922,-7.6184,anonymous,FR,1,4,5,5,5,4,6,3,P216,G072
6/10/2026 19:48,6/10/2026 19:53,0,33.5922,100,341,1,6/10/2026 19:53,R_P217,,,,,33.5922,-7.6184,anonymous,FR,1,6,5,4,6,3,6,1,P217,G073
6/10/2026 19:51,6/10/2026 19:56,0,33.5922,100,352,1,6/10/2026 19:56,R_P218,,,,,33.5922,-7.6184,anonymous,FR,1,5,5,5,4,2,6,3,P218,G073
6/10/2026 19:54,6/10/2026 19:58,0,33.5922,100,253,1,6/10/2026 19:58,R_P219,,,,,33.5922,-7.6184,anonymous,FR,1,4,4,4,5,3,6,3,P219,G073
6/10/2026 19:57,6/10/2026 20:01,0,33.5922,100,286,1,6/10/2026 20:01,R_P220,,,,,33.5922,-7.6184,anonymous,FR,1,6,4,5,5,2,6,1,P220,G074
6/10/2026 20:00,6/10/2026 20:04,0,33.5922,100,285,1,6/10/2026 20:04,R_P221,,,,,33.5922,-7.6184,anonymous,FR,1,4,5,6,4,3,6,3,P221,G074
6/10/2026 20:03,6/10/2026 20:09,0,33.5922,100,406,1,6/10/2026 20:09,R_P222,,,,,33.5922,-7.6184,anonymous,FR,1,6,4,5,5,3,6,3,P222,G074
6/10/2026 20:06,6/10/2026 20:11,0,33.5922,100,332,1,6/10/2026 20:11,R_P223,,,,,33.5922,-7.6184,anonymous,FR,1,6,6,5,4,3,5,1,P223,G075
6/10/2026 20:09,6/10/2026 20:15,0,33.5922,100,380,1,6/10/2026 20:15,R_P224,,,,,33.5922,-7.6184,anonymous,FR,1,4,6,6,5,3,5,3,P224,G075
6/10/2026 20:12,6/10/2026 20:16,0,33.5922,100,277,1,6/10/2026 20:16,R_P225,,,,,33.5922,-7.6184,anonymous,FR,1,5,6,4,5,3,5,3,P225,G075
6/10/2026 20:15,6/10/2026 20:21,0,33.5922,100,400,1,6/10/2026 20:21,R_P226,,,,,33.5922,-7.6184,anonymous,FR,1,7,7,6,6,6,6,1,P226,G076
6/10/2026 20:18,6/10/2026 20:24,0,33.5922,100,367,1,6/10/2026 20:24,R_P227,,,,,33.5922,-7.6184,anonymous,FR,1,7,5,7,6,6,7,3,P227,G076
6/10/2026 20:21,6/10/2026 20:27,0,33.5922,100,361,1,6/10/2026 20:27,R_P228,,,,,33.5922,-7.6184,anonymous,FR,1,5,6,6,6,6,5,3,P228,G076
6/10/2026 20:24,6/10/2026 20:30,0,33.5922,100,400,1,6/10/2026 20:30,R_P229,,,,,33.5922,-7.6184,anonymous,FR,1,5,6,7,6,6,6,1,P229,G077
6/10/2026 20:27,6/10/2026 20:31,0,33.5922,100,248,1,6/10/2026 20:31,R_P230,,,,,33.5922,-7.6184,anonymous,FR,1,5,5,6,7,6,6,3,P230,G077
6/10/2026 20:30,6/10/2026 20:34,0,33.5922,100,285,1,6/10/2026 20:34,R_P231,,,,,33.5922,-7.6184,anonymous,FR,1,6,7,6,5,5,5,3,P231,G077
6/10/2026 20:33,6/10/2026 20:38,0,33.5922,100,356,1,6/10/2026 20:38,R_P232,,,,,33.5922,-7.6184,anonymous,FR,1,6,6,7,7,5,7,1,P232,G078
6/10/2026 20:36,6/10/2026 20:40,0,33.5922,100,257,1,6/10/2026 20:40,R_P233,,,,,33.5922,-7.6184,anonymous,FR,1,6,5,7,6,7,7,3,P233,G078
6/10/2026 20:39,6/10/2026 20:44,0,33.5922,100,324,1,6/10/2026 20:44,R_P234,,,,,33.5922,-7.6184,anonymous,FR,1,5,6,6,5,7,6,3,P234,G078
6/10/2026 20:42,6/10/2026 20:48,0,33.5922,100,401,1,6/10/2026 20:48,R_P235,,,,,33.5922,-7.6184,anonymous,FR,1,6,6,6,5,6,5,1,P235,G079
6/10/2026 20:45,6/10/2026 20:50,0,33.5922,100,349,1,6/10/2026 20:50,R_P236,,,,,33.5922,-7.6184,anonymous,FR,1,6,6,4,6,6,6,3,P236,G079
6/10/2026 20:48,6/10/2026 20:54,0,33.5922,100,384,1,6/10/2026 20:54,R_P237,,,,,33.5922,-7.6184,anonymous,FR,1,5,6,5,6,6,6,3,P237,G079
6/10/2026 20:51,6/10/2026 20:56,0,33.5922,100,314,1,6/10/2026 20:56,R_P238,,,,,33.5922,-7.6184,anonymous,FR,1,6,6,7,6,7,7,1,P238,G080
6/10/2026 20:54,6/10/2026 21:00,0,33.5922,100,397,1,6/10/2026 21:00,R_P239,,,,,33.5922,-7.6184,anonymous,FR,1,7,6,6,7,6,6,3,P239,G080
6/10/2026 20:57,6/10/2026 21:01,0,33.5922,100,291,1,6/10/2026 21:01,R_P240,,,,,33.5922,-7.6184,anonymous,FR,1,6,6,7,6,5,5,3,P240,G080
6/10/2026 21:00,6/10/2026 21:04,0,33.5922,100,269,1,6/10/2026 21:04,R_P241,,,,,33.5922,-7.6184,anonymous,FR,1,6,6,6,5,6,6,1,P241,G081
6/10/2026 21:03,6/10/2026 21:08,0,33.5922,100,324,1,6/10/2026 21:08,R_P242,,,,,33.5922,-7.6184,anonymous,FR,1,7,5,5,6,6,6,3,P242,G081
6/10/2026 21:06,6/10/2026 21:10,0,33.5922,100,279,1,6/10/2026 21:10,R_P243,,,,,33.5922,-7.6184,anonymous,FR,1,5,5,5,6,6,5,3,P243,G081
6/10/2026 21:09,6/10/2026 21:13,0,33.5922,100,254,1,6/10/2026 21:13,R_P244,,,,,33.5922,-7.6184,anonymous,FR,1,7,6,6,6,6,6,1,P244,G082
6/10/2026 21:12,6/10/2026 21:18,0,33.5922,100,415,1,6/10/2026 21:18,R_P245,,,,,33.5922,-7.6184,anonymous,FR,1,5,7,6,6,7,7,3,P245,G082
6/10/2026 21:15,6/10/2026 21:20,0,33.5922,100,326,1,6/10/2026 21:20,R_P246,,,,,33.5922,-7.6184,anonymous,FR,1,7,6,7,5,5,6,3,P246,G082
6/10/2026 21:18,6/10/2026 21:23,0,33.5922,100,318,1,6/10/2026 21:23,R_P247,,,,,33.5922,-7.6184,anonymous,FR,1,6,6,7,6,5,6,1,P247,G083
6/10/2026 21:21,6/10/2026 21:26,0,33.5922,100,355,1,6/10/2026 21:26,R_P248,,,,,33.5922,-7.6184,anonymous,FR,1,6,6,6,6,6,6,3,P248,G083
6/10/2026 21:24,6/10/2026 21:28,0,33.5922,100,291,1,6/10/2026 21:28,R_P249,,,,,33.5922,-7.6184,anonymous,FR,1,7,6,7,6,6,6,3,P249,G083
6/10/2026 21:27,6/10/2026 21:33,0,33.5922,100,363,1,6/10/2026 21:33,R_P250,,,,,33.5922,-7.6184,anonymous,FR,1,6,5,6,6,7,5,1,P250,G084
6/10/2026 21:30,6/10/2026 21:36,0,33.5922,100,372,1,6/10/2026 21:36,R_P251,,,,,33.5922,-7.6184,anonymous,FR,1,6,6,6,5,6,5,3,P251,G084
6/10/2026 21:33,6/10/2026 21:37,0,33.5922,100,241,1,6/10/2026 21:37,R_P252,,,,,33.5922,-7.6184,anonymous,FR,1,6,6,7,5,5,7,3,P252,G084
6/10/2026 21:36,6/10/2026 21:40,0,33.5922,100,266,1,6/10/2026 21:40,R_P253,,,,,33.5922,-7.6184,anonymous,FR,1,5,6,6,7,5,7,1,P253,G085
6/10/2026 21:39,6/10/2026 21:44,0,33.5922,100,322,1,6/10/2026 21:44,R_P254,,,,,33.5922,-7.6184,anonymous,FR,1,6,7,5,6,6,5,3,P254,G085
6/10/2026 21:42,6/10/2026 21:46,0,33.5922,100,280,1,6/10/2026 21:46,R_P255,,,,,33.5922,-7.6184,anonymous,FR,1,6,6,5,6,6,6,3,P255,G085
6/10/2026 21:45,6/10/2026 21:50,0,33.5922,100,321,1,6/10/2026 21:50,R_P256,,,,,33.5922,-7.6184,anonymous,FR,1,6,7,7,5,6,6,1,P256,G086
6/10/2026 21:48,6/10/2026 21:53,0,33.5922,100,326,1,6/10/2026 21:53,R_P257,,,,,33.5922,-7.6184,anonymous,FR,1,6,6,7,6,6,6,3,P257,G086
6/10/2026 21:51,6/10/2026 21:55,0,33.5922,100,262,1,6/10/2026 21:55,R_P258,,,,,33.5922,-7.6184,anonymous,FR,1,6,6,5,6,6,5,3,P258,G086
6/10/2026 21:54,6/10/2026 22:00,0,33.5922,100,397,1,6/10/2026 22:00,R_P259,,,,,33.5922,-7.6184,anonymous,FR,1,6,7,7,7,6,6,1,P259,G087
6/10/2026 21:57,6/10/2026 22:02,0,33.5922,100,359,1,6/10/2026 22:02,R_P260,,,,,33.5922,-7.6184,anonymous,FR,1,6,6,6,5,6,6,3,P260,G087
6/10/2026 22:00,6/10/2026 22:06,0,33.5922,100,404,1,6/10/2026 22:06,R_P261,,,,,33.5922,-7.6184,anonymous,FR,1,6,5,6,7,6,5,3,P261,G087
6/10/2026 22:03,6/10/2026 22:08,0,33.5922,100,333,1,6/10/2026 22:08,R_P262,,,,,33.5922,-7.6184,anonymous,FR,1,5,7,6,5,6,5,1,P262,G088
6/10/2026 22:06,6/10/2026 22:10,0,33.5922,100,247,1,6/10/2026 22:10,R_P263,,,,,33.5922,-7.6184,anonymous,FR,1,6,6,5,6,6,6,3,P263,G088
6/10/2026 22:09,6/10/2026 22:15,0,33.5922,100,387,1,6/10/2026 22:15,R_P264,,,,,33.5922,-7.6184,anonymous,FR,1,6,6,7,5,6,7,3,P264,G088
6/10/2026 22:12,6/10/2026 22:17,0,33.5922,100,317,1,6/10/2026 22:17,R_P265,,,,,33.5922,-7.6184,anonymous,FR,1,6,6,5,7,4,5,1,P265,G089
6/10/2026 22:15,6/10/2026 22:20,0,33.5922,100,338,1,6/10/2026 22:20,R_P266,,,,,33.5922,-7.6184,anonymous,FR,1,7,6,6,5,7,6,3,P266,G089
6/10/2026 22:18,6/10/2026 22:23,0,33.5922,100,327,1,6/10/2026 22:23,R_P267,,,,,33.5922,-7.6184,anonymous,FR,1,6,6,6,6,7,5,3,P267,G089
6/10/2026 22:21,6/10/2026 22:27,0,33.5922,100,364,1,6/10/2026 22:27,R_P268,,,,,33.5922,-7.6184,anonymous,FR,1,7,7,6,7,5,6,1,P268,G090
6/10/2026 22:24,6/10/2026 22:29,0,33.5922,100,343,1,6/10/2026 22:29,R_P269,,,,,33.5922,-7.6184,anonymous,FR,1,6,6,7,5,5,6,3,P269,G090
6/10/2026 22:27,6/10/2026 22:33,0,33.5922,100,409,1,6/10/2026 22:33,R_P270,,,,,33.5922,-7.6184,anonymous,FR,1,7,6,7,7,6,5,3,P270,G090
6/10/2026 22:30,6/10/2026 22:34,0,33.5922,100,277,1,6/10/2026 22:34,R_P271,,,,,33.5922,-7.6184,anonymous,FR,1,6,6,6,7,6,6,1,P271,G091
6/10/2026 22:33,6/10/2026 22:38,0,33.5922,100,321,1,6/10/2026 22:38,R_P272,,,,,33.5922,-7.6184,anonymous,FR,1,6,7,5,5,7,5,3,P272,G091
6/10/2026 22:36,6/10/2026 22:41,0,33.5922,100,328,1,6/10/2026 22:41,R_P273,,,,,33.5922,-7.6184,anonymous,FR,1,7,6,5,6,7,5,3,P273,G091
6/10/2026 22:39,6/10/2026 22:43,0,33.5922,100,255,1,6/10/2026 22:43,R_P274,,,,,33.5922,-7.6184,anonymous,FR,1,6,7,7,7,6,5,1,P274,G092
6/10/2026 22:42,6/10/2026 22:47,0,33.5922,100,312,1,6/10/2026 22:47,R_P275,,,,,33.5922,-7.6184,anonymous,FR,1,6,6,6,5,6,6,3,P275,G092
6/10/2026 22:45,6/10/2026 22:50,0,33.5922,100,337,1,6/10/2026 22:50,R_P276,,,,,33.5922,-7.6184,anonymous,FR,1,6,6,6,6,5,5,3,P276,G092
6/10/2026 22:48,6/10/2026 22:53,0,33.5922,100,332,1,6/10/2026 22:53,R_P277,,,,,33.5922,-7.6184,anonymous,FR,1,7,6,7,6,6,6,1,P277,G093
6/10/2026 22:51,6/10/2026 22:55,0,33.5922,100,244,1,6/10/2026 22:55,R_P278,,,,,33.5922,-7.6184,anonymous,FR,1,7,7,5,5,6,6,3,P278,G093
6/10/2026 22:54,6/10/2026 22:59,0,33.5922,100,346,1,6/10/2026 22:59,R_P279,,,,,33.5922,-7.6184,anonymous,FR,1,7,5,6,5,5,5,3,P279,G093
6/10/2026 22:57,6/10/2026 23:02,0,33.5922,100,348,1,6/10/2026 23:02,R_P280,,,,,33.5922,-7.6184,anonymous,FR,1,6,6,6,7,5,5,1,P280,G094
6/10/2026 23:00,6/10/2026 23:05,0,33.5922,100,300,1,6/10/2026 23:05,R_P281,,,,,33.5922,-7.6184,anonymous,FR,1,6,6,7,6,6,6,3,P281,G094
6/10/2026 23:03,6/10/2026 23:09,0,33.5922,100,363,1,6/10/2026 23:09,R_P282,,,,,33.5922,-7.6184,anonymous,FR,1,6,6,5,6,7,7,3,P282,G094
6/10/2026 23:06,6/10/2026 23:11,0,33.5922,100,311,1,6/10/2026 23:11,R_P283,,,,,33.5922,-7.6184,anonymous,FR,1,6,6,7,6,5,6,1,P283,G095
6/10/2026 23:09,6/10/2026 23:15,0,33.5922,100,411,1,6/10/2026 23:15,R_P284,,,,,33.5922,-7.6184,anonymous,FR,1,7,7,6,6,6,6,3,P284,G095
6/10/2026 23:12,6/10/2026 23:16,0,33.5922,100,242,1,6/10/2026 23:16,R_P285,,,,,33.5922,-7.6184,anonymous,FR,1,5,6,5,6,5,7,3,P285,G095
6/10/2026 23:15,6/10/2026 23:20,0,33.5922,100,315,1,6/10/2026 23:20,R_P286,,,,,33.5922,-7.6184,anonymous,FR,1,6,6,7,6,6,5,1,P286,G096
6/10/2026 23:18,6/10/2026 23:22,0,33.5922,100,255,1,6/10/2026 23:22,R_P287,,,,,33.5922,-7.6184,anonymous,FR,1,5,5,5,6,6,7,3,P287,G096
6/10/2026 23:21,6/10/2026 23:25,0,33.5922,100,246,1,6/10/2026 23:25,R_P288,,,,,33.5922,-7.6184,anonymous,FR,1,6,6,5,6,6,6,3,P288,G096
6/10/2026 23:24,6/10/2026 23:29,0,33.5922,100,311,1,6/10/2026 23:29,R_P289,,,,,33.5922,-7.6184,anonymous,FR,1,6,7,6,5,7,5,1,P289,G097
6/10/2026 23:27,6/10/2026 23:33,0,33.5922,100,408,1,6/10/2026 23:33,R_P290,,,,,33.5922,-7.6184,anonymous,FR,1,5,7,6,7,5,6,3,P290,G097
6/10/2026 23:30,6/10/2026 23:34,0,33.5922,100,248,1,6/10/2026 23:34,R_P291,,,,,33.5922,-7.6184,anonymous,FR,1,6,6,7,7,6,6,3,P291,G097
6/10/2026 23:33,6/10/2026 23:38,0,33.5922,100,345,1,6/10/2026 23:38,R_P292,,,,,33.5922,-7.6184,anonymous,FR,1,6,6,5,7,6,7,1,P292,G098
6/10/2026 23:36,6/10/2026 23:41,0,33.5922,100,328,1,6/10/2026 23:41,R_P293,,,,,33.5922,-7.6184,anonymous,FR,1,7,6,6,6,5,6,3,P293,G098
6/10/2026 23:39,6/10/2026 23:45,0,33.5922,100,361,1,6/10/2026 23:45,R_P294,,,,,33.5922,-7.6184,anonymous,FR,1,6,5,5,6,6,5,3,P294,G098
6/10/2026 23:42,6/10/2026 23:46,0,33.5922,100,277,1,6/10/2026 23:46,R_P295,,,,,33.5922,-7.6184,anonymous,FR,1,6,6,6,7,6,6,1,P295,G099
6/10/2026 23:45,6/10/2026 23:51,0,33.5922,100,375,1,6/10/2026 23:51,R_P296,,,,,33.5922,-7.6184,anonymous,FR,1,6,6,7,6,7,6,3,P296,G099
6/10/2026 23:48,6/10/2026 23:54,0,33.5922,100,406,1,6/10/2026 23:54,R_P297,,,,,33.5922,-7.6184,anonymous,FR,1,6,6,6,6,6,5,3,P297,G099
6/10/2026 23:51,6/10/2026 23:57,0,33.5922,100,412,1,6/10/2026 23:57,R_P298,,,,,33.5922,-7.6184,anonymous,FR,1,6,5,6,6,5,7,1,P298,G100
6/10/2026 23:54,6/10/2026 23:58,0,33.5922,100,286,1,6/10/2026 23:58,R_P299,,,,,33.5922,-7.6184,anonymous,FR,1,6,6,6,6,5,6,3,P299,G100
6/10/2026 23:57,6/11/2026 0:03,0,33.5922,100,415,1,6/11/2026 0:03,R_P300,,,,,33.5922,-7.6184,anonymous,FR,1,6,6,6,7,6,6,3,P300,G100
